Country Name,Country Code,Series Name,Series Code,1990 [YR1990],1991 [YR1991],1992 [YR1992],1993 [YR1993],1994 [YR1994],1995 [YR1995],1996 [YR1996],1997 [YR1997],1998 [YR1998],1999 [YR1999],2000 [YR2000],2001 [YR2001],2002 [YR2002],2003 [YR2003],2004 [YR2004],2005 [YR2005],2006 [YR2006],2007 [YR2007],2008 [YR2008],2009 [YR2009],2010 [YR2010]
Afghanistan,AFG,"Adjusted net enrollment rate, primary (% of primary school age children)",SE.PRM.TENR,..,..,..,28.65191,..,..,..,..,..,..,..,..,..,..,..,..,..,..,..,..,..
Albania,ALB,"Adjusted net enrollment rate, primary (% of primary school age children)",SE.PRM.TENR,..,..,..,..,..,..,..,..,..,97.31425,95.88988,94.32735,..,91.71031,91.11129,..,..,..,90.26729,89.39333,91.03387
Algeria,DZA,"Adjusted net enrollment rate, primary (% of primary school age children)",SE.PRM.TENR,85.39039,87.11217,88.19927,87.71056,87.6533,87.88341,87.43857,86.91417,..,89.72553,90.52372,92.64194,93.91455,94.45286,95.22201,95.53876,95.7595,95.97538,97.34115,98.8084,98.66048
American Samoa,ASM,"Adjusted net enrollment rate, primary (% of primary school age children)",SE.PRM.TENR,..,..,..,..,..,..,..,..,..,..,..,..,..,..,..,..,..,..,..,..,..
Andorra,AND,"Adjusted net enrollment rate, primary (% of primary school age children)",SE.PRM.TENR,..,..,..,..,..,..,..,..,..,..,..,..,..,..,..,..,..,..,..,..,..
Angola,AGO,"Adjusted net enrollment rate, primary (% of primary school age children)",SE.PRM.TENR,..,..,..,..,..,..,..,..,49.68057,..,..,..,..,..,..,..,..,..,80.1991,79.69084,81.33944
Antigua and Barbuda,ATG,"Adjusted net enrollment rate, primary (% of primary school age children)",SE.PRM.TENR,..,..,..,..,..,..,..,..,..,..,..,..,..,..,..,..,..,91.82146,92.87914,92.36029,89.479
Argentina,ARG,"Adjusted net enrollment rate, primary (% of primary school age children)",SE.PRM.TENR,..,96.25382,..,..,..,..,..,100,99.93764,99.75212,99.54847,..,..,99.54298,99.19728,99.34583,99.46886,99.5742,99.43829,99.43551,99.06611
Armenia,ARM,"Adjusted net enrollment rate, primary (% of primary school age children)",SE.PRM.TENR,..,..,..,..,..,..,..,..,..,..,..,..,87.31713,85.64542,..,87.55303,89.96687,92.94838,..,..,..
Aruba,ABW,"Adjusted net enrollment rate, primary (% of primary school age children)",SE.PRM.TENR,..,..,..,..,..,..,..,..,..,98.00173,98.25359,96.61571,95.39763,93.97484,94.77636,97.97892,98.64935,98.92681,99.11432,95.99542,98.92046
Australia,AUS,"Adjusted net enrollment rate, primary (% of primary school age children)",SE.PRM.TENR,97.45849,96.86991,96.64062,96.23427,95.94443,94.52844,94.94868,94.55705,94.51331,94.17103,94.12448,94.0042,94.07802,94.64403,95.01592,95.48955,95.82083,96.59836,96.71986,96.8398,97.10565
Austria,AUT,"Adjusted net enrollment rate, primary (% of primary school age children)",SE.PRM.TENR,..,..,..,..,..,..,..,..,..,..,..,..,..,..,..,..,..,..,..,..,..
Azerbaijan,AZE,"Adjusted net enrollment rate, primary (% of primary school age children)",SE.PRM.TENR,..,92.03496,92.42705,88.41429,81.38003,83.5742,93.25375,90.10272,88.7724,92.1411,88.23962,85.4634,84.91034,83.3463,84.28326,83.95354,83.77201,83.45841,83.98751,85.5189,84.72605
"Bahamas, The",BHS,"Adjusted net enrollment rate, primary (% of primary school age children)",SE.PRM.TENR,..,..,88.53601,88.8792,92.61351,..,..,..,..,91.28926,..,..,..,..,94.39731,98.57985,97.12982,98.66379,98.61069,96.19115,97.80586
Bahrain,BHR,"Adjusted net enrollment rate, primary (% of primary school age children)",SE.PRM.TENR,..,99.44944,96.94731,98.02282,97.99025,99.10219,99.91974,99.86747,99.70692,99.58354,..,..,..,..,..,..,..,..,..,..,..
Bangladesh,BGD,"Adjusted net enrollment rate, primary (% of primary school age children)",SE.PRM.TENR,72.4646,..,..,..,..,..,..,..,..,..,..,..,..,..,..,95.37302,95.85627,..,92.84166,93.7942,94.93204
Barbados,BRB,"Adjusted net enrollment rate, primary (% of primary school age children)",SE.PRM.TENR,97.60318,..,89.7301,..,..,..,..,..,..,97.18279,95.56223,94.61907,91.93415,91.68517,90.49381,90.27784,92.07821,94.80072,96.81021,93.83737,95.08052
Belarus,BLR,"Adjusted net enrollment rate, primary (% of primary school age children)",SE.PRM.TENR,..,..,..,..,..,87.83251,..,..,..,..,..,96.54014,93.53053,93.65198,92.12702,90.15677,90.17424,90.03146,..,91.95505,91.40246
Belgium,BEL,"Adjusted net enrollment rate, primary (% of primary school age children)",SE.PRM.TENR,..,95.94739,94.43746,96.93535,96.28888,96.33573,96.8425,..,..,99.03907,99.19071,99.11144,99.14103,98.31179,96.78317,96.64837,97.25724,98.33462,98.99812,99.02109,98.73896
Belize,BLZ,"Adjusted net enrollment rate, primary (% of primary school age children)",SE.PRM.TENR,..,..,..,..,..,..,..,..,..,99.19703,96.33089,93.52843,..,93.87207,95.47015,95.07217,95.71555,95.29686,96.28333,97.12893,98.0162
Benin,BEN,"Adjusted net enrollment rate, primary (% of primary school age children)",SE.PRM.TENR,39.26195,..,48.81304,52.71944,53.90425,56.23852,58.42456,61.65973,..,..,..,..,..,82.87375,85.80557,81.7523,84.67186,..,87.6233,93.31218,94.12085
Bermuda,BMU,"Adjusted net enrollment rate, primary (% of primary school age children)",SE.PRM.TENR,..,..,..,..,..,..,..,..,..,..,..,..,..,..,..,97.58036,..,..,..,..,..
Bhutan,BTN,"Adjusted net enrollment rate, primary (% of primary school age children)",SE.PRM.TENR,..,..,..,..,..,..,..,..,54.99402,56.13601,59.16568,62.70995,..,..,..,72.94036,76.72384,..,82.06376,86.51455,88.49162
Bolivia,BOL,"Adjusted net enrollment rate, primary (% of primary school age children)",SE.PRM.TENR,..,..,..,..,..,..,..,..,95.26898,95.42275,96.11697,96.19525,96.59576,97.11302,..,..,96.94394,96.67359,94.96556,97.97597,95.55059
Bosnia and Herzegovina,BIH,"Adjusted net enrollment rate, primary (% of primary school age children)",SE.PRM.TENR,..,..,..,..,..,..,..,..,..,..,..,..,..,..,..,..,..,..,..,..,..
Botswana,BWA,"Adjusted net enrollment rate, primary (% of primary school age children)",SE.PRM.TENR,85.62911,87.78922,87.12128,86.5281,86.29029,77.3424,77.74086,..,80.80208,80.47049,81.91937,83.91674,84.4831,84.7296,85.60882,84.68259,85.76939,84.96677,84.60177,85.00926,..
Brazil,BRA,"Adjusted net enrollment rate, primary (% of primary school age children)",SE.PRM.TENR,..,..,..,..,..,..,..,..,..,98.07272,..,98.85493,96.72741,94.29506,95.58531,96.07993,..,92.47411,98.53831,96.58508,..
British Virgin Islands,VGB,"Adjusted net enrollment rate, primary (% of primary school age children)",SE.PRM.TENR,..,..,..,..,..,..,..,..,..,..,..,..,..,..,..,..,..,..,..,..,..
Brunei Darussalam,BRN,"Adjusted net enrollment rate, primary (% of primary school age children)",SE.PRM.TENR,..,91.46118,93.5757,96.29859,96.24339,98.80453,..,..,..,..,..,..,..,..,..,..,..,..,..,..,..
Bulgaria,BGR,"Adjusted net enrollment rate, primary (% of primary school age children)",SE.PRM.TENR,..,..,..,..,..,..,94.26923,95.25916,97.76953,98.07911,97.90467,98.33146,97.50849,97.43998,96.95046,93.7879,92.30024,95.62913,97.65157,99.05919,99.33043
Burkina Faso,BFA,"Adjusted net enrollment rate, primary (% of primary school age children)",SE.PRM.TENR,..,27.18227,27.70352,28.68706,29.91303,31.53517,..,..,34.9797,35.5137,36.74566,37.77188,36.72385,39.054,41.15568,45.97774,49.62345,54.95047,60.98584,63.84804,60.06821
Burundi,BDI,"Adjusted net enrollment rate, primary (% of primary school age children)",SE.PRM.TENR,..,..,..,47.76948,..,..,..,..,..,..,40.65606,49.29948,48.65092,52.01444,53.51663,56.49404,72.44773,78.99457,88.8051,86.84153,91.52003
Cabo Verde,CPV,"Adjusted net enrollment rate, primary (% of primary school age children)",SE.PRM.TENR,99.15651,..,..,..,99.13336,..,..,..,99.80936,..,97.6968,95.40303,95.07272,94.58446,92.96461,92.74444,92.42391,92.43809,92.50561,93.63354,95.24595
Cambodia,KHM,"Adjusted net enrollment rate, primary (% of primary school age children)",SE.PRM.TENR,..,..,..,..,..,..,..,82.80338,84.64866,86.57655,92.32167,..,..,97.69941,..,..,94.49715,95.54383,94.23637,..,93.28083
Cameroon,CMR,"Adjusted net enrollment rate, primary (% of primary school age children)",SE.PRM.TENR,72.02025,70.1302,..,..,..,..,..,..,..,..,..,..,..,..,..,..,..,..,82.22334,85.0537,..
Canada,CAN,"Adjusted net enrollment rate, primary (% of primary school age children)",SE.PRM.TENR,95.27605,97.82846,97.57138,95.94382,95.38828,94.26078,95.18885,..,98.50748,99.78257,99.92205,..,..,..,..,..,..,..,..,..,..
Cayman Islands,CYM,"Adjusted net enrollment rate, primary (% of primary school age children)",SE.PRM.TENR,..,..,..,..,..,..,..,..,..,..,..,..,..,..,..,..,..,..,..,..,..
Central African Republic,CAF,"Adjusted net enrollment rate, primary (% of primary school age children)",SE.PRM.TENR,57.4131,53.10656,..,..,..,..,..,..,..,..,..,..,..,..,..,48.46973,48.81963,57.13729,66.47702,67.12779,69.69106
Chad,TCD,"Adjusted net enrollment rate, primary (% of primary school age children)",SE.PRM.TENR,..,..,..,..,..,..,37.42038,42.8064,47.98611,49.89444,51.56768,52.79663,56.2954,57.82043,..,..,..,..,..,..,..
Channel Islands,CHI,"Adjusted net enrollment rate, primary (% of primary school age children)",SE.PRM.TENR,..,..,..,..,..,..,..,..,..,..,..,..,..,..,..,..,..,..,..,..,..
Chile,CHL,"Adjusted net enrollment rate, primary (% of primary school age children)",SE.PRM.TENR,..,..,..,..,..,..,..,..,..,..,..,..,..,..,..,..,..,97.6401,97.18707,94.73976,95.05167
China,CHN,"Adjusted net enrollment rate, primary (% of primary school age children)",SE.PRM.TENR,96.84793,97.13138,97.19181,95.90845,94.1896,92.30218,90.91295,77.61257,..,..,..,..,..,..,..,..,..,..,..,..,..
Colombia,COL,"Adjusted net enrollment rate, primary (% of primary school age children)",SE.PRM.TENR,..,67.92708,75.54652,76.41073,77.52084,81.0354,86.27629,..,93.9263,96.33971,97.53765,97.08364,97.58325,..,97.19079,97.45559,96.38945,95.77798,96.28754,96.85236,97.22107
Comoros,COM,"Adjusted net enrollment rate, primary (% of primary school age children)",SE.PRM.TENR,..,..,..,..,67.64506,..,..,..,..,60.11501,66.85522,..,..,..,..,..,..,78.27015,..,..,..
"Congo, Dem. Rep.",COD,"Adjusted net enrollment rate, primary (% of primary school age children)",SE.PRM.TENR,..,60.68842,58.79063,57.54292,58.48502,66.03081,..,..,..,35.36999,..,..,..,..,..,..,..,..,..,..,..
"Congo, Rep.",COG,"Adjusted net enrollment rate, primary (% of primary school age children)",SE.PRM.TENR,..,..,..,..,..,..,..,..,..,..,..,..,..,..,..,53.41567,57.02207,..,..,..,89.33158
Costa Rica,CRI,"Adjusted net enrollment rate, primary (% of primary school age children)",SE.PRM.TENR,87.7338,88.28601,90.34506,91.13785,90.73269,92.44825,94.9123,..,..,..,..,..,..,..,..,..,..,..,..,..,..
Cote d'Ivoire,CIV,"Adjusted net enrollment rate, primary (% of primary school age children)",SE.PRM.TENR,..,48.58842,48.96816,..,..,..,54.52788,55.65437,..,57.73389,56.78921,60.91208,61.04901,56.53333,..,..,..,..,..,56.70874,..
Croatia,HRV,"Adjusted net enrollment rate, primary (% of primary school age children)",SE.PRM.TENR,..,..,..,..,..,..,..,..,83.99843,92.57785,93.90806,96.16543,98.27225,99.61062,..,98.90439,98.86051,98.79378,97.11817,91.36655,94.60104
Cuba,CUB,"Adjusted net enrollment rate, primary (% of primary school age children)",SE.PRM.TENR,92.49299,92.08695,94.25896,95.06409,97.35006,97.2442,99.21638,99.00391,98.76532,98.93364,98.27877,97.56933,97.18777,95.25084,95.09391,94.99677,95.17276,97.42307,98.17652,99.8122,99.78649
Curacao,CUW,"Adjusted net enrollment rate, primary (% of primary school age children)",SE.PRM.TENR,..,..,..,..,..,..,..,..,..,..,..,..,..,..,..,..,..,..,..,..,..
Cyprus,CYP,"Adjusted net enrollment rate, primary (% of primary school age children)",SE.PRM.TENR,78.8221,79.15348,77.3593,97.62945,96.91663,96.213,96.11728,96.28477,..,97.62362,98.06997,97.5396,98.50694,98.63524,98.76019,99.66204,99.52019,99.34184,98.96124,99.14474,99.2851
Czech Republic,CZE,"Adjusted net enrollment rate, primary (% of primary school age children)",SE.PRM.TENR,..,..,..,..,..,..,..,..,..,..,..,..,..,..,..,..,..,..,..,..,..
Denmark,DNK,"Adjusted net enrollment rate, primary (% of primary school age children)",SE.PRM.TENR,97.74097,98.30641,97.47507,96.99962,98.72784,98.32017,98.1969,..,99.44862,97.94551,98.10497,99.85078,99.87259,..,98.33726,96.23365,96.57507,97.10492,96.54925,96.4569,96.29306
Djibouti,DJI,"Adjusted net enrollment rate, primary (% of primary school age children)",SE.PRM.TENR,27.6568,27.77356,28.86181,26.28972,26.78134,27.43961,27.12084,25.96071,..,25.74267,25.89257,28.42425,30.05888,..,34.54507,36.71964,40.58928,44.88762,49.2966,48.84984,..
Dominica,DMA,"Adjusted net enrollment rate, primary (% of primary school age children)",SE.PRM.TENR,..,..,..,..,..,..,..,..,..,..,98.4134,97.29532,98.70662,98.00317,98.44496,95.5359,93.80365,89.25153,89.67437,97.17521,..
Dominican Republic,DOM,"Adjusted net enrollment rate, primary (% of primary school age children)",SE.PRM.TENR,..,..,..,..,..,..,..,..,..,83.89454,84.83389,..,90.57523,87.53027,82.48116,84.11261,82.57215,88.71442,85.16573,94.9425,92.15232
Ecuador,ECU,"Adjusted net enrollment rate, primary (% of primary school age children)",SE.PRM.TENR,..,..,..,..,92.28823,92.65225,93.69231,96.07117,96.4586,96.26091,96.99497,98.29734,99.36803,99.3116,..,99.37654,99.45537,99.36867,..,97.23945,96.76556
"Egypt, Arab Rep.",EGY,"Adjusted net enrollment rate, primary (% of primary school age children)",SE.PRM.TENR,..,..,..,..,86.04808,..,..,87.49099,..,87.37067,88.39539,90.10671,91.80933,93.81212,96.21651,96.83703,95.58477,98.16385,..,98.60808,99.07436
El Salvador,SLV,"Adjusted net enrollment rate, primary (% of primary school age children)",SE.PRM.TENR,..,..,..,..,..,..,..,..,82.47515,..,92.42109,93.43535,95.73427,96.27352,..,96.56062,96.49859,95.83834,95.956,95.99898,96.12802
Equatorial Guinea,GNQ,"Adjusted net enrollment rate, primary (% of primary school age children)",SE.PRM.TENR,..,..,..,..,79.76474,..,..,..,..,..,66.60948,73.81105,71.66553,70.08589,..,..,..,..,52.96731,52.74527,52.9907
Eritrea,ERI,"Adjusted net enrollment rate, primary (% of primary school age children)",SE.PRM.TENR,..,..,20.03015,..,22.87138,23.92425,25.46953,25.84357,..,31.14469,36.26178,38.38929,43.56291,48.29034,50.99359,52.54229,51.86646,47.13217,43.80148,40.53377,38.28655
Estonia,EST,"Adjusted net enrollment rate, primary (% of primary school age children)",SE.PRM.TENR,..,..,..,..,..,87.03452,90.60952,..,99.22569,99.14384,98.95675,98.88939,98.85664,97.23954,96.28656,96.11475,95.68751,96.76072,96.27493,96.09259,99.09933
Ethiopia,ETH,"Adjusted net enrollment rate, primary (% of primary school age children)",SE.PRM.TENR,..,..,..,..,19.15098,21.89509,26.13699,..,33.60573,36.08993,40.15604,44.41106,46.63272,47.40564,50.27604,61.21723,65.92449,71.1291,76.78814,76.36157,74.44834
Faroe Islands,FRO,"Adjusted net enrollment rate, primary (% of primary school age children)",SE.PRM.TENR,..,..,..,..,..,..,..,..,..,..,..,..,..,..,..,..,..,..,..,..,..
Fiji,FJI,"Adjusted net enrollment rate, primary (% of primary school age children)",SE.PRM.TENR,..,..,96.64998,..,97.0038,95.49544,93.14649,93.57196,94.54783,94.24829,94.86333,97.93859,99.21707,99.30016,99.15559,..,99.12929,99.61435,99.3302,99.38889,..
Finland,FIN,"Adjusted net enrollment rate, primary (% of primary school age children)",SE.PRM.TENR,..,..,..,98.89608,98.78067,98.45692,98.50664,98.84871,99.61284,99.83001,99.73101,99.75563,99.52864,98.81946,97.89149,97.48836,96.92697,97.38365,97.68227,97.72574,97.95895
France,FRA,"Adjusted net enrollment rate, primary (% of primary school age children)",SE.PRM.TENR,99.95854,99.95402,99.59395,97.99023,97.75706,98.7212,99.71414,99.54832,..,99.63634,99.57321,99.60072,99.58208,99.42643,99.05885,99.29118,99.19507,99.20779,99.14919,99.24225,99.2566
French Polynesia,PYF,"Adjusted net enrollment rate, primary (% of primary school age children)",SE.PRM.TENR,..,..,..,..,..,..,..,..,..,..,..,..,..,..,..,..,..,..,..,..,..
Gabon,GAB,"Adjusted net enrollment rate, primary (% of primary school age children)",SE.PRM.TENR,..,..,..,..,..,..,..,91.23398,..,..,..,..,..,..,..,..,..,..,..,..,..
"Gambia, The",GMB,"Adjusted net enrollment rate, primary (% of primary school age children)",SE.PRM.TENR,47.79297,..,45.9941,49.3052,..,..,59.46372,..,63.51698,75.10356,72.7627,73.73379,71.68059,75.40885,75.57474,72.73848,77.17432,76.91606,72.5064,..,70.52512
Georgia,GEO,"Adjusted net enrollment rate, primary (% of primary school age children)",SE.PRM.TENR,..,..,..,..,..,83.77997,83.74842,85.12144,..,..,..,..,..,..,90.65259,90.87612,94.99062,95.17779,99.59366,99.95979,..
Germany,DEU,"Adjusted net enrollment rate, primary (% of primary school age children)",SE.PRM.TENR,..,..,..,..,..,..,..,..,..,99.97123,99.87581,99.85466,99.92787,99.74869,99.80516,99.75001,99.62235,99.77985,99.60066,99.56221,99.61227
Ghana,GHA,"Adjusted net enrollment rate, primary (% of primary school age children)",SE.PRM.TENR,..,..,..,..,..,..,..,..,..,62.09413,65.63159,60.20219,62.7061,61.59309,59.60699,66.50835,66.0584,72.38715,77.90944,76.47685,..
Gibraltar,GIB,"Adjusted net enrollment rate, primary (% of primary school age children)",SE.PRM.TENR,..,..,..,..,..,..,..,..,..,..,..,..,..,..,..,..,..,..,..,..,..
Greece,GRC,"Adjusted net enrollment rate, primary (% of primary school age children)",SE.PRM.TENR,95.41965,95.34977,93.83076,91.87798,90.83304,91.36116,89.67471,89.62341,96.11477,96.57814,98.07477,97.33477,97.88553,98.16645,98.04702,97.17047,96.92321,97.4118,..,..,98.52311
Greenland,GRL,"Adjusted net enrollment rate, primary (% of primary school age children)",SE.PRM.TENR,..,..,..,..,..,..,..,..,..,..,..,..,..,..,..,..,..,..,..,..,..
Grenada,GRD,"Adjusted net enrollment rate, primary (% of primary school age children)",SE.PRM.TENR,..,..,..,..,..,..,..,..,..,99.99143,..,..,96.29127,..,98.52032,90.68423,..,93.42447,95.79053,97.47437,..
Guam,GUM,"Adjusted net enrollment rate, primary (% of primary school age children)",SE.PRM.TENR,..,..,..,..,..,..,..,..,..,..,..,..,..,..,..,..,..,..,..,..,..
Guatemala,GTM,"Adjusted net enrollment rate, primary (% of primary school age children)",SE.PRM.TENR,..,..,..,..,..,..,..,71.97312,..,82.13305,85.05849,84.40453,87.7789,..,92.27924,93.65375,94.96197,95.92472,95.91736,99.08484,98.69265
Guinea,GIN,"Adjusted net enrollment rate, primary (% of primary school age children)",SE.PRM.TENR,26.0572,27.82344,..,..,..,..,..,..,39.40078,41.86353,44.97694,48.4439,55.80934,59.34176,62.43106,64.45744,66.63975,68.47544,67.30278,68.44066,70.54666
Guinea-Bissau,GNB,"Adjusted net enrollment rate, primary (% of primary school age children)",SE.PRM.TENR,..,..,..,..,..,..,..,..,..,..,46.70297,..,..,..,..,..,..,..,..,..,69.23096
Guyana,GUY,"Adjusted net enrollment rate, primary (% of primary school age children)",SE.PRM.TENR,..,96.02243,94.57272,94.89648,..,94.70354,91.18412,..,..,..,..,..,..,92.34454,..,..,..,..,89.18348,82.66142,84.66971
Haiti,HTI,"Adjusted net enrollment rate, primary (% of primary school age children)",SE.PRM.TENR,..,..,..,..,..,..,..,57.33722,..,..,..,..,..,..,..,..,..,..,..,..,..
Honduras,HND,"Adjusted net enrollment rate, primary (% of primary school age children)",SE.PRM.TENR,..,88.15565,..,89.34373,..,..,..,..,..,..,88.50671,..,..,93.06459,95.07365,91.21878,96.19729,92.11987,96.19433,96.65026,96.05857
"Hong Kong SAR, China",HKG,"Adjusted net enrollment rate, primary (% of primary school age children)",SE.PRM.TENR,..,..,..,..,..,..,..,..,..,..,..,..,..,..,..,..,..,..,..,..,..
Hungary,HUN,"Adjusted net enrollment rate, primary (% of primary school age children)",SE.PRM.TENR,..,..,..,..,91.59382,90.54963,78.45522,87.02476,95.9876,96.12638,96.60386,96.98772,97.08041,95.94588,95.55724,96.28556,96.79867,96.62556,97.87562,98.58271,98.45496
Iceland,ISL,"Adjusted net enrollment rate, primary (% of primary school age children)",SE.PRM.TENR,..,..,..,..,97.42183,..,98.02928,98.27384,98.96979,99.03435,99.16419,99.56882,99.54001,99.26186,97.8515,97.89407,97.95872,98.04791,98.62964,99.12359,98.66159
India,IND,"Adjusted net enrollment rate, primary (% of primary school age children)",SE.PRM.TENR,77.45203,..,..,..,..,..,..,..,..,..,84.13654,84.06309,83.86999,88.70306,..,..,..,96.96656,96.98704,95.64361,96.19281
Indonesia,IDN,"Adjusted net enrollment rate, primary (% of primary school age children)",SE.PRM.TENR,96.28028,95.37334,94.51852,93.31485,93.84232,93.65797,92.55698,92.50038,..,..,..,96.16513,95.4445,94.90452,94.11054,93.1107,94.40061,96.73501,95.81192,96.47277,96.81365
"Iran, Islamic Rep.",IRN,"Adjusted net enrollment rate, primary (% of primary school age children)",SE.PRM.TENR,92.56615,..,96.36691,..,..,..,..,93.44858,..,85.88277,85.25191,..,93.9059,93.34096,96.40629,96.18342,98.78805,99.51474,..,99.57736,99.68312
Iraq,IRQ,"Adjusted net enrollment rate, primary (% of primary school age children)",SE.PRM.TENR,..,..,..,77.97402,..,..,75.54286,..,..,89.46714,88.41908,..,..,94.24618,93.01746,..,..,92.3117,..,..,..
Ireland,IRL,"Adjusted net enrollment rate, primary (% of primary school age children)",SE.PRM.TENR,87.97195,87.55151,86.79096,86.5352,86.64638,86.9253,87.66335,..,99.5362,99.81474,99.75439,99.72334,99.76794,99.89285,99.80247,99.87485,99.88994,99.92419,99.8194,99.68857,99.66597
Isle of Man,IMN,"Adjusted net enrollment rate, primary (% of primary school age children)",SE.PRM.TENR,..,..,..,..,..,..,..,..,..,..,..,..,..,..,..,..,..,..,..,..,..
Israel,ISR,"Adjusted net enrollment rate, primary (% of primary school age children)",SE.PRM.TENR,..,..,..,..,..,..,..,..,..,97.59695,97.84637,98.31084,97.98955,98.08033,97.66333,97.53903,97.06288,97.29232,97.26514,96.96783,97.38547
Italy,ITA,"Adjusted net enrollment rate, primary (% of primary school age children)",SE.PRM.TENR,..,..,..,..,..,97.19731,98.2864,99.0058,..,99.91025,99.75117,99.66794,99.57726,99.53024,99.47699,99.30175,99.21211,99.15022,99.09865,99.14749,99.25493
Jamaica,JAM,"Adjusted net enrollment rate, primary (% of primary school age children)",SE.PRM.TENR,98.24734,96.53239,..,93.39915,..,..,..,..,..,92.08292,93.5645,93.27317,92.57244,91.37336,93.21868,..,..,..,..,..,..
Japan,JPN,"Adjusted net enrollment rate, primary (% of primary school age children)",SE.PRM.TENR,99.9699,99.9649,99.96924,..,99.95881,99.95917,..,..,99.9921,99.99857,99.97021,99.97465,99.97535,99.99622,99.96656,99.99935,99.97621,99.99798,99.98215,99.97265,99.94351
Jordan,JOR,"Adjusted net enrollment rate, primary (% of primary school age children)",SE.PRM.TENR,..,..,..,..,..,..,..,..,..,97.65742,98.9402,..,99.01989,98.8525,98.55356,98.91098,98.58737,97.05175,94.38291,..,89.74888
Kazakhstan,KAZ,"Adjusted net enrollment rate, primary (% of primary school age children)",SE.PRM.TENR,..,..,..,..,..,..,..,..,..,..,94.13365,97.25299,98.35758,98.58198,98.72665,98.72417,97.65418,97.31953,98.56708,99.44679,99.65259
Kenya,KEN,"Adjusted net enrollment rate, primary (% of primary school age children)",SE.PRM.TENR,..,..,..,..,..,..,..,..,..,62.88778,66.03254,67.54408,62.68206,75.16034,74.31468,76.09773,76.00519,87.09184,82.89874,84.0062,..
Kiribati,KIR,"Adjusted net enrollment rate, primary (% of primary school age children)",SE.PRM.TENR,..,99.7586,99.93245,98.87472,99.02552,98.28799,98.31401,99.13285,..,..,..,..,..,..,..,..,..,..,..,..,..
"Korea, Dem. People’s Rep.",PRK,"Adjusted net enrollment rate, primary (% of primary school age children)",SE.PRM.TENR,..,..,..,..,..,..,..,..,..,..,..,..,..,..,..,..,..,..,..,96.97313,..
"Korea, Rep.",KOR,"Adjusted net enrollment rate, primary (% of primary school age children)",SE.PRM.TENR,99.37553,99.3988,99.33585,99.2474,99.0817,98.79821,98.81114,99.3234,98.77597,99.34475,99.7506,99.86573,99.72239,..,..,..,..,99.68845,99.69436,99.20265,98.91735
Kosovo,XKX,"Adjusted net enrollment rate, primary (% of primary school age children)",SE.PRM.TENR,..,..,..,..,..,..,..,..,..,..,..,..,..,..,..,..,..,..,..,..,..
Kuwait,KWT,"Adjusted net enrollment rate, primary (% of primary school age children)",SE.PRM.TENR,..,..,47.98204,..,68.51562,..,86.44051,85.72289,95.95154,96.62865,97.05106,98.6598,99.01954,99.23748,99.17336,96.08961,..,98.76759,98.31316,..,97.48563
Kyrgyz Republic,KGZ,"Adjusted net enrollment rate, primary (% of primary school age children)",SE.PRM.TENR,..,..,..,..,..,..,91.99485,..,..,93.06417,92.40562,93.05922,92.90612,92.52387,96.92354,94.47072,95.5512,94.41782,93.77536,93.04551,93.75404
Lao PDR,LAO,"Adjusted net enrollment rate, primary (% of primary school age children)",SE.PRM.TENR,64.9222,..,58.13767,62.96952,66.70903,..,68.65727,71.11475,74.35543,74.90834,75.69538,75.11421,76.17453,78.69946,79.34927,80.61729,82.156,84.66916,87.11556,89.50417,94.14741
Latvia,LVA,"Adjusted net enrollment rate, primary (% of primary school age children)",SE.PRM.TENR,..,..,..,..,..,..,..,..,..,97.16047,..,..,..,..,..,..,..,..,96.93929,98.18458,98.14579
Lebanon,LBN,"Adjusted net enrollment rate, primary (% of primary school age children)",SE.PRM.TENR,..,..,..,..,..,..,..,84.19431,99.79462,..,..,..,98.56968,97.70671,95.89497,91.67934,88.84872,89.77866,90.62275,91.83312,93.3599
Lesotho,LSO,"Adjusted net enrollment rate, primary (% of primary school age children)",SE.PRM.TENR,71.75871,73.31247,73.60533,71.18844,72.33986,71.23164,71.43348,..,63.31522,59.60795,80.41654,80.54181,80.89443,80.893,78.40206,77.51576,77.69567,75.1601,76.27927,76.9185,79.03103
Liberia,LBR,"Adjusted net enrollment rate, primary (% of primary school age children)",SE.PRM.TENR,..,..,..,..,..,..,..,..,..,46.63387,..,..,..,..,..,..,35.10923,..,42.62383,40.16453,..
Libya,LBY,"Adjusted net enrollment rate, primary (% of primary school age children)",SE.PRM.TENR,..,..,..,..,..,..,..,..,..,..,..,..,..,..,..,..,..,..,..,..,..
Liechtenstein,LIE,"Adjusted net enrollment rate, primary (% of primary school age children)",SE.PRM.TENR,..,..,..,..,..,..,..,..,..,..,..,..,..,99.22854,99.43185,..,98.85167,98.90215,99.2176,98.5204,99.18492
Lithuania,LTU,"Adjusted net enrollment rate, primary (% of primary school age children)",SE.PRM.TENR,..,..,..,..,..,..,..,..,97.8787,97.91184,97.8814,98.0012,97.98562,95.94084,92.04024,91.0607,93.00543,96.2266,98.93581,99.25571,99.30759
Luxembourg,LUX,"Adjusted net enrollment rate, primary (% of primary school age children)",SE.PRM.TENR,..,..,..,..,..,..,..,..,..,97.33832,97.09993,96.7373,96.99646,95.86724,96.5126,97.75449,98.25315,98.35478,97.62523,..,95.28935
"Macao SAR, China",MAC,"Adjusted net enrollment rate, primary (% of primary school age children)",SE.PRM.TENR,84.63881,..,88.18784,..,..,..,..,..,..,85.29795,85.74323,84.78953,87.13925,88.37992,89.37828,89.47795,88.40597,88.54391,87.17229,84.51464,83.33147
"Macedonia, FYR",MKD,"Adjusted net enrollment rate, primary (% of primary school age children)",SE.PRM.TENR,..,..,..,..,..,..,..,..,95.31954,95.04035,97.37588,97.71989,96.25715,94.64417,94.40038,93.61549,91.58147,90.38446,88.87778,89.89805,93.35745
Madagascar,MDG,"Adjusted net enrollment rate, primary (% of primary school age children)",SE.PRM.TENR,66.75087,..,..,..,..,56.17956,57.15688,..,..,63.53181,65.18059,66.74875,67.67951,77.43427,..,..,..,..,..,..,..
Malawi,MWI,"Adjusted net enrollment rate, primary (% of primary school age children)",SE.PRM.TENR,..,..,..,..,..,..,..,..,..,96.71372,..,..,98.54475,..,98.17697,98.22786,97.61631,93.16621,97.66179,98.06182,..
Malaysia,MYS,"Adjusted net enrollment rate, primary (% of primary school age children)",SE.PRM.TENR,..,..,..,..,96.16953,..,..,..,95.42745,95.14183,97.81399,97.02562,95.86289,96.71595,99.71811,99.9383,97.54461,97.51409,97.22395,97.28809,96.5733
Maldives,MDV,"Adjusted net enrollment rate, primary (% of primary school age children)",SE.PRM.TENR,..,..,..,..,..,..,..,93.30174,..,95.55981,97.15327,97.9196,97.83233,..,99.99435,98.19898,97.84946,96.71236,91.93642,96.5268,..
Mali,MLI,"Adjusted net enrollment rate, primary (% of primary school age children)",SE.PRM.TENR,..,..,..,..,..,..,..,..,..,43.74722,..,..,51.20141,51.14841,51.12848,56.1136,57.43506,59.58584,..,66.77628,67.9494
Malta,MLT,"Adjusted net enrollment rate, primary (% of primary school age children)",SE.PRM.TENR,97.62471,99.34705,99.74611,99.58462,96.87285,95.79968,95.66931,95.1007,..,..,..,..,..,..,..,..,..,..,..,..,..
Marshall Islands,MHL,"Adjusted net enrollment rate, primary (% of primary school age children)",SE.PRM.TENR,..,..,..,..,..,..,..,..,..,..,..,..,98.03301,..,..,..,..,..,..,..,..
Mauritania,MRT,"Adjusted net enrollment rate, primary (% of primary school age children)",SE.PRM.TENR,..,..,..,..,47.34124,53.71123,57.00352,..,60.37585,59.73488,59.85355,63.10588,62.38233,65.30473,72.05799,70.65301,73.17409,73.94347,70.4822,69.80582,70.24218
Mauritius,MUS,"Adjusted net enrollment rate, primary (% of primary school age children)",SE.PRM.TENR,97.17809,92.62176,..,92.76216,93.73813,94.68238,96.98093,97.90282,95.87901,92.75683,93.22659,92.75365,94.33646,93.72854,94.38054,96.02089,96.03047,96.49946,96.64821,96.65992,96.50869
Mexico,MEX,"Adjusted net enrollment rate, primary (% of primary school age children)",SE.PRM.TENR,97.05748,96.81404,97.25143,97.1677,96.75465,96.54033,96.15057,95.51014,95.50723,98.25462,98.58148,98.42246,99.04518,98.47388,97.38411,96.12495,95.16455,94.86669,94.80515,95.41954,96.26546
"Micronesia, Fed. Sts.",FSM,"Adjusted net enrollment rate, primary (% of primary school age children)",SE.PRM.TENR,..,..,..,..,..,..,..,..,..,..,..,..,..,..,..,..,..,..,..,..,..
Moldova,MDA,"Adjusted net enrollment rate, primary (% of primary school age children)",SE.PRM.TENR,..,..,..,..,..,..,..,..,..,..,92.56074,95.58655,95.96393,96.63888,96.6291,93.372,90.63448,90.0117,90.46353,90.03386,90.10514
Monaco,MCO,"Adjusted net enrollment rate, primary (% of primary school age children)",SE.PRM.TENR,..,..,..,..,..,..,..,..,..,..,..,..,..,..,..,..,..,..,..,..,..
Mongolia,MNG,"Adjusted net enrollment rate, primary (% of primary school age children)",SE.PRM.TENR,..,..,..,..,..,81.0813,84.63128,85.10744,88.81328,90.71076,92.86085,94.2141,93.13538,85.96467,92.83791,92.4327,97.48718,97.7397,98.16442,96.46288,97.64293
Montenegro,MNE,"Adjusted net enrollment rate, primary (% of primary school age children)",SE.PRM.TENR,..,..,..,..,..,..,..,..,..,..,..,..,..,97.34278,..,97.91655,98.46237,95.30745,94.10468,..,..
Morocco,MAR,"Adjusted net enrollment rate, primary (% of primary school age children)",SE.PRM.TENR,55.8459,55.47645,55.95066,58.04167,60.60888,63.35611,65.58909,67.08381,66.26174,71.15362,75.93228,79.85153,84.07363,85.36779,85.21271,86.23998,87.62235,89.02994,90.16354,90.70123,94.91738
Mozambique,MOZ,"Adjusted net enrollment rate, primary (% of primary school age children)",SE.PRM.TENR,44.23813,42.65859,41.04899,40.09125,41.2787,43.61661,..,..,48.26103,51.68895,55.18372,59.32204,54.86627,..,67.27787,72.18796,75.86753,80.8705,84.21875,85.49485,87.05189
Myanmar,MMR,"Adjusted net enrollment rate, primary (% of primary school age children)",SE.PRM.TENR,..,..,..,..,..,..,..,..,..,..,89.9174,91.04181,88.90026,90.70079,89.24048,88.95819,88.65766,88.8172,89.37989,88.08098,87.74734
Namibia,NAM,"Adjusted net enrollment rate, primary (% of primary school age children)",SE.PRM.TENR,79.42256,..,82.75368,..,84.98411,85.67259,84.91379,85.82892,87.52521,87.72851,89.23786,89.97747,91.26807,91.01116,88.4583,88.26715,85.61079,87.98421,87.17524,86.96088,86.77117
Nauru,NRU,"Adjusted net enrollment rate, primary (% of primary school age children)",SE.PRM.TENR,..,..,..,..,..,..,..,..,..,..,..,..,..,..,..,..,..,..,..,..,..
Nepal,NPL,"Adjusted net enrollment rate, primary (% of primary school age children)",SE.PRM.TENR,..,..,..,..,..,..,..,..,..,66.32444,72.61187,..,..,80.4018,81.08564,..,..,..,..,..,..
Netherlands,NLD,"Adjusted net enrollment rate, primary (% of primary school age children)",SE.PRM.TENR,96.57739,95.93901,94.97498,94.2942,99.68009,99.81561,99.74256,99.75355,..,99.47049,99.50352,99.44925,99.41097,99.26105,98.56918,98.3895,98.72433,99.41182,99.50258,99.66493,99.88475
New Caledonia,NCL,"Adjusted net enrollment rate, primary (% of primary school age children)",SE.PRM.TENR,..,..,..,..,..,..,..,..,..,..,..,..,..,..,..,..,..,..,..,..,..
New Zealand,NZL,"Adjusted net enrollment rate, primary (% of primary school age children)",SE.PRM.TENR,99.52486,98.8945,97.44795,..,97.03376,98.38564,98.84282,99.75478,99.53854,99.39788,98.90873,97.24089,96.83514,98.05803,98.2696,99.10187,99.16524,99.53024,99.65535,99.45932,99.46921
Nicaragua,NIC,"Adjusted net enrollment rate, primary (% of primary school age children)",SE.PRM.TENR,67.51699,70.16238,73.57779,74.32339,75.22315,73.43433,72.71288,..,..,82.6588,85.93254,90.1826,97.42677,..,99.17331,99.36273,98.36406,98.10618,98.97148,..,98.41053
Niger,NER,"Adjusted net enrollment rate, primary (% of primary school age children)",SE.PRM.TENR,23.45212,24.21537,22.24966,..,..,..,..,24.82615,25.0405,26.70737,27.38139,31.01108,34.6166,38.33876,41.83601,41.80241,43.12074,44.36608,47.821,51.6386,55.74571
Nigeria,NGA,"Adjusted net enrollment rate, primary (% of primary school age children)",SE.PRM.TENR,..,..,..,..,..,..,..,..,..,62.90998,65.95706,..,..,..,67.64276,68.07508,68.5331,71.3557,64.60253,65.68178,65.67365
Northern Mariana Islands,MNP,"Adjusted net enrollment rate, primary (% of primary school age children)",SE.PRM.TENR,..,..,..,..,..,..,..,..,..,..,..,..,..,..,..,..,..,..,..,..,..
Norway,NOR,"Adjusted net enrollment rate, primary (% of primary school age children)",SE.PRM.TENR,99.79827,99.96643,99.67667,98.68586,98.4122,98.21369,98.29955,84.23272,99.75275,99.77762,99.71899,99.77023,99.73964,99.85574,99.43103,98.58247,98.63914,99.17322,99.33681,99.15982,99.00771
Oman,OMN,"Adjusted net enrollment rate, primary (% of primary school age children)",SE.PRM.TENR,67.13538,68.23387,69.56805,72.90509,74.1401,75.60469,78.27315,79.20107,81.58193,83.62718,84.74963,85.97215,85.50447,83.07936,..,..,..,..,..,96.52464,..
Pakistan,PAK,"Adjusted net enrollment rate, primary (% of primary school age children)",SE.PRM.TENR,..,..,..,..,..,..,..,..,..,..,..,..,59.03757,61.00062,66.6362,68.74133,66.28188,71.12349,71.91156,73.3101,74.67796
Palau,PLW,"Adjusted net enrollment rate, primary (% of primary school age children)",SE.PRM.TENR,..,..,..,..,..,..,..,..,..,..,..,..,..,..,..,..,..,..,..,..,..
Panama,PAN,"Adjusted net enrollment rate, primary (% of primary school age children)",SE.PRM.TENR,86.61984,..,..,..,..,..,..,..,..,93.36346,95.23191,96.6332,98.81973,..,98.59512,98.22886,98.75336,98.68384,98.11987,95.63543,97.9906
Papua New Guinea,PNG,"Adjusted net enrollment rate, primary (% of primary school age children)",SE.PRM.TENR,..,..,..,..,..,..,..,..,..,..,..,..,..,..,..,..,..,..,..,..,..
Paraguay,PRY,"Adjusted net enrollment rate, primary (% of primary school age children)",SE.PRM.TENR,92.97129,94.97638,95.88132,96.28274,91.8588,91.70486,95.02034,..,..,97.0824,97.86223,97.87542,96.21308,95.42854,94.91085,95.42905,93.77325,92.02499,90.53977,89.53654,89.6588
Peru,PER,"Adjusted net enrollment rate, primary (% of primary school age children)",SE.PRM.TENR,..,..,..,93.7315,..,88.54273,88.04187,87.50832,99.78187,99.96632,99.95328,99.74565,99.71307,99.5369,99.11746,98.94291,98.92282,98.88132,98.78021,98.88043,98.87759
Philippines,PHL,"Adjusted net enrollment rate, primary (% of primary school age children)",SE.PRM.TENR,98.44265,..,95.53177,94.58485,92.95874,..,95.68161,..,91.805,88.94171,..,89.63246,90.06631,90.36358,89.77022,88.99548,87.37158,87.70369,89.05935,91.25897,..
Poland,POL,"Adjusted net enrollment rate, primary (% of primary school age children)",SE.PRM.TENR,..,..,..,..,..,..,..,..,..,95.94093,95.97799,96.13622,95.89392,95.53915,95.19436,94.90329,95.16118,95.34457,95.55006,96.29121,96.76674
Portugal,PRT,"Adjusted net enrollment rate, primary (% of primary school age children)",SE.PRM.TENR,99.72055,99.07801,99.63548,99.74105,99.0839,99.47104,99.56931,..,..,..,..,..,..,..,..,..,..,..,..,99.37894,99.47809
Puerto Rico,PRI,"Adjusted net enrollment rate, primary (% of primary school age children)",SE.PRM.TENR,..,..,..,..,..,..,..,..,..,..,..,..,..,..,..,..,..,..,..,..,87.57191
Qatar,QAT,"Adjusted net enrollment rate, primary (% of primary school age children)",SE.PRM.TENR,85.3366,80.99622,79.57662,79.8198,85.77594,..,..,..,99.37687,95.16659,95.47796,96.03427,97.31691,94.27801,..,95.69854,..,92.24434,..,94.67467,91.52585
Romania,ROU,"Adjusted net enrollment rate, primary (% of primary school age children)",SE.PRM.TENR,..,..,..,73.73629,81.94267,87.73365,90.23766,91.10813,95.35646,92.7769,92.30998,91.8565,94.15718,97.25484,98.93488,97.77373,95.44473,95.23983,94.64807,94.33714,93.55582
Russian Federation,RUS,"Adjusted net enrollment rate, primary (% of primary school age children)",SE.PRM.TENR,..,..,..,..,96.798,93.25019,..,..,..,..,..,..,..,..,..,..,90.04869,90.43631,92.40392,96.22738,..
Rwanda,RWA,"Adjusted net enrollment rate, primary (% of primary school age children)",SE.PRM.TENR,..,..,..,..,..,..,..,..,..,78.73429,..,..,82.00988,88.47068,..,..,..,..,..,..,98.50699
Samoa,WSM,"Adjusted net enrollment rate, primary (% of primary school age children)",SE.PRM.TENR,..,..,..,..,93.37255,..,..,..,96.19803,92.68447,91.50995,94.73676,..,..,..,..,..,98.37024,..,99.73326,96.76541
San Marino,SMR,"Adjusted net enrollment rate, primary (% of primary school age children)",SE.PRM.TENR,..,..,..,..,..,..,..,..,..,..,..,..,..,..,..,..,..,..,..,91.99763,94.14083
Sao Tome and Principe,STP,"Adjusted net enrollment rate, primary (% of primary school age children)",SE.PRM.TENR,96.6897,..,..,..,..,..,..,..,..,82.49848,..,..,97.80924,98.71701,99.04149,98.94551,..,92.30287,93.42511,94.67783,94.89811
Saudi Arabia,SAU,"Adjusted net enrollment rate, primary (% of primary school age children)",SE.PRM.TENR,..,..,..,..,..,..,..,..,..,..,..,..,..,..,..,..,..,..,..,85.01636,90.34683
Senegal,SEN,"Adjusted net enrollment rate, primary (% of primary school age children)",SE.PRM.TENR,44.6819,..,44.78169,..,45.72643,..,49.71739,53.66945,55.9783,54.75892,57.82771,..,..,64.60908,62.68524,63.75992,66.15934,68.68264,69.38688,69.56758,70.21795
Serbia,SRB,"Adjusted net enrollment rate, primary (% of primary school age children)",SE.PRM.TENR,..,..,..,..,..,..,..,..,..,..,..,..,..,..,..,99.70359,99.86248,98.34468,97.99807,96.088,94.53637
Seychelles,SYC,"Adjusted net enrollment rate, primary (% of primary school age children)",SE.PRM.TENR,..,..,..,87.91142,90.86608,91.67187,92.05772,..,99.44449,..,93.14708,86.10395,93.48684,95.28315,95.51928,95.50605,..,..,..,..,..
Sierra Leone,SLE,"Adjusted net enrollment rate, primary (% of primary school age children)",SE.PRM.TENR,..,..,..,..,..,..,..,..,..,..,..,..,..,..,..,..,..,..,..,..,..
Singapore,SGP,"Adjusted net enrollment rate, primary (% of primary school age children)",SE.PRM.TENR,..,..,..,..,87.76485,89.07124,..,..,..,..,..,..,..,..,..,..,..,80.4478,80.0744,79.05532,..
Sint Maarten (Dutch part),SXM,"Adjusted net enrollment rate, primary (% of primary school age children)",SE.PRM.TENR,..,..,..,..,..,..,..,..,..,..,..,..,..,..,..,..,..,..,..,..,..
Slovak Republic,SVK,"Adjusted net enrollment rate, primary (% of primary school age children)",SE.PRM.TENR,..,..,..,..,..,..,..,..,..,..,..,..,..,..,..,..,..,..,..,..,..
Slovenia,SVN,"Adjusted net enrollment rate, primary (% of primary school age children)",SE.PRM.TENR,..,..,..,..,..,92.86261,94.60879,95.27909,97.63958,96.48449,95.53917,96.14085,96.80955,97.72154,99.71626,98.66268,98.09374,97.90636,97.92551,97.66427,97.33473
Solomon Islands,SLB,"Adjusted net enrollment rate, primary (% of primary school age children)",SE.PRM.TENR,..,..,..,..,..,..,..,..,..,..,..,..,..,..,..,75.56125,80.56926,80.74064,..,..,..
Somalia,SOM,"Adjusted net enrollment rate, primary (% of primary school age children)",SE.PRM.TENR,..,..,..,..,..,..,..,..,..,..,..,..,..,..,..,..,..,..,..,..,..
South Africa,ZAF,"Adjusted net enrollment rate, primary (% of primary school age children)",SE.PRM.TENR,..,89.76895,..,..,93.93085,94.96085,..,..,94.65118,94.8596,91.79986,91.64164,91.23561,90.88631,90.10826,88.29701,..,..,..,..,..
South Sudan,SSD,"Adjusted net enrollment rate, primary (% of primary school age children)",SE.PRM.TENR,..,..,..,..,..,..,..,..,..,..,..,..,..,..,..,..,..,..,..,..,..
Spain,ESP,"Adjusted net enrollment rate, primary (% of primary school age children)",SE.PRM.TENR,99.22608,99.66475,99.60203,99.99154,99.97862,99.96054,99.94029,99.9474,..,99.8688,99.82157,99.76845,99.82825,99.86629,99.75429,99.6924,99.77424,99.87754,99.85553,99.71201,99.60824
Sri Lanka,LKA,"Adjusted net enrollment rate, primary (% of primary school age children)",SE.PRM.TENR,..,..,..,..,..,..,..,..,..,..,..,99.88101,99.92473,99.61673,96.8481,97.25291,96.72842,96.3669,95.54279,93.37397,95.04415
St. Kitts and Nevis,KNA,"Adjusted net enrollment rate, primary (% of primary school age children)",SE.PRM.TENR,..,..,99.43348,..,..,..,..,..,..,..,97.21774,94.24597,96.21738,96.87256,96.50196,95.6291,..,89.84151,82.58729,92.29167,86.01315
St. Lucia,LCA,"Adjusted net enrollment rate, primary (% of primary school age children)",SE.PRM.TENR,97.30896,..,..,..,..,..,..,..,..,..,90.64043,91.06439,98.34304,97.08992,95.06427,92.78468,95.17599,94.12193,..,..,..
St. Martin (French part),MAF,"Adjusted net enrollment rate, primary (% of primary school age children)",SE.PRM.TENR,..,..,..,..,..,..,..,..,..,..,..,..,..,..,..,..,..,..,..,..,..
St. Vincent and the Grenadines,VCT,"Adjusted net enrollment rate, primary (% of primary school age children)",SE.PRM.TENR,..,..,..,..,99.45693,..,..,..,..,..,98.1995,..,99.04733,99.48293,99.3918,98.2729,..,98.43005,97.5209,98.35768,98.48877
Sudan,SDN,"Adjusted net enrollment rate, primary (% of primary school age children)",SE.PRM.TENR,..,..,..,..,..,..,..,..,..,..,..,..,..,..,..,..,..,..,..,..,..
Suriname,SUR,"Adjusted net enrollment rate, primary (% of primary school age children)",SE.PRM.TENR,..,..,..,..,..,..,..,..,..,..,..,..,..,..,..,88.39257,90.99759,87.37588,92.36364,95.02158,93.29195
Swaziland,SWZ,"Adjusted net enrollment rate, primary (% of primary school age children)",SE.PRM.TENR,74.31131,74.40952,75.0274,73.47359,73.73708,74.47626,72.01337,..,71.58557,70.85783,72.34063,72.78211,72.66369,72.87087,75.46238,76.48808,82.22706,84.87387,..,..,..
Sweden,SWE,"Adjusted net enrollment rate, primary (% of primary school age children)",SE.PRM.TENR,99.55689,99.76437,99.84866,99.62605,99.89115,98.84096,99.80266,99.82386,..,99.76835,99.42551,99.7246,99.52222,99.15939,96.94846,95.4585,95.14267,96.28534,98.47808,99.32996,99.37967
Switzerland,CHE,"Adjusted net enrollment rate, primary (% of primary school age children)",SE.PRM.TENR,83.32286,84.15085,84.20889,83.42703,82.55226,88.99082,90.91196,..,..,99.48568,99.29724,99.22376,99.23068,99.23461,98.92468,98.07227,97.71798,97.83154,98.56298,99.04576,99.11019
Syrian Arab Republic,SYR,"Adjusted net enrollment rate, primary (% of primary school age children)",SE.PRM.TENR,94.97703,95.77054,96.16925,96.21337,96.4399,96.47147,96.38759,95.9094,96.83159,96.53168,96.86212,97.52842,97.70367,98.38453,99.00342,99.20258,99.06889,98.97162,99.02446,98.91732,..
Tajikistan,TJK,"Adjusted net enrollment rate, primary (% of primary school age children)",SE.PRM.TENR,..,..,..,..,..,..,..,..,..,..,94.4541,94.25976,96.18872,96.95684,97.37603,97.43978,97.28319,96.50181,97.76651,97.88562,98.1088
Tanzania,TZA,"Adjusted net enrollment rate, primary (% of primary school age children)",SE.PRM.TENR,51.32411,50.64376,50.74325,49.9795,48.79242,48.70762,48.83927,49.25691,48.77555,49.2333,52.83794,57.50363,72.3799,80.78698,85.0932,89.40869,94.76788,..,95.86668,..,89.1168
Thailand,THA,"Adjusted net enrollment rate, primary (% of primary school age children)",SE.PRM.TENR,..,..,..,..,..,..,..,..,..,..,..,..,..,..,..,..,94.11021,94.5156,95.06855,96.34034,..
Timor-Leste,TLS,"Adjusted net enrollment rate, primary (% of primary school age children)",SE.PRM.TENR,..,..,..,..,..,..,..,..,..,..,..,..,..,..,..,..,..,..,77.42397,87.25016,96.34036
Togo,TGO,"Adjusted net enrollment rate, primary (% of primary school age children)",SE.PRM.TENR,64.48991,66.97489,..,..,62.69607,71.27671,78.6701,76.23709,..,88.54926,85.02636,87.64745,90.95211,88.74956,91.43443,90.88773,93.30259,89.997,91.46787,..,..
Tonga,TON,"Adjusted net enrollment rate, primary (% of primary school age children)",SE.PRM.TENR,92.29122,..,..,92.5974,..,..,..,..,94.67909,91.60961,..,99.04877,..,..,98.11826,98.82956,98.90811,..,..,..,..
Trinidad and Tobago,TTO,"Adjusted net enrollment rate, primary (% of primary school age children)",SE.PRM.TENR,90.0339,89.61981,89.19825,88.31912,..,..,88.66735,88.48356,..,97.88999,98.30504,97.77076,94.53991,95.92923,96.58731,93.67486,..,96.87964,97.97782,98.29928,98.73351
Tunisia,TUN,"Adjusted net enrollment rate, primary (% of primary school age children)",SE.PRM.TENR,93.94578,94.94959,95.33646,96.1745,96.18873,96.42446,95.46054,94.33755,..,94.34476,95.43813,97.286,99.47747,99.69791,99.84055,98.86972,98.63006,97.65281,98.00803,98.62137,99.63183
Turkey,TUR,"Adjusted net enrollment rate, primary (% of primary school age children)",SE.PRM.TENR,94.37859,93.80055,94.08176,91.77833,91.05924,90.55437,..,79.41841,..,94.2962,95.83536,96.37757,96.70977,97.1484,97.47683,97.78914,98.13663,98.60757,97.99827,95.61944,96.32587
Turkmenistan,TKM,"Adjusted net enrollment rate, primary (% of primary school age children)",SE.PRM.TENR,..,..,..,..,..,..,..,..,..,..,..,..,..,..,..,..,..,..,..,..,..
Turks and Caicos Islands,TCA,"Adjusted net enrollment rate, primary (% of primary school age children)",SE.PRM.TENR,..,..,..,..,..,..,..,..,..,..,..,..,..,..,..,..,..,..,..,..,..
Tuvalu,TUV,"Adjusted net enrollment rate, primary (% of primary school age children)",SE.PRM.TENR,..,..,..,..,..,..,..,..,..,..,..,..,..,..,..,..,..,..,..,..,..
Uganda,UGA,"Adjusted net enrollment rate, primary (% of primary school age children)",SE.PRM.TENR,..,..,..,..,..,..,..,..,..,..,..,..,..,..,..,..,..,..,..,93.5633,90.32269
Ukraine,UKR,"Adjusted net enrollment rate, primary (% of primary school age children)",SE.PRM.TENR,..,..,..,..,..,..,..,..,..,..,..,..,96.16127,89.31847,89.0027,89.51122,88.70738,88.37173,88.69618,90.23765,94.41233
United Arab Emirates,ARE,"Adjusted net enrollment rate, primary (% of primary school age children)",SE.PRM.TENR,98.40777,98.52922,95.88419,92.50165,90.97134,92.31784,90.51512,87.51642,88.56275,85.21341,81.45728,79.62906,83.76554,90.69238,94.09842,96.23389,95.38275,95.08165,..,90.20822,93.23416
United Kingdom,GBR,"Adjusted net enrollment rate, primary (% of primary school age children)",SE.PRM.TENR,99.79316,98.20235,96.67003,..,..,..,..,..,99.89793,99.94969,99.95235,99.9442,99.79079,99.90815,99.28633,99.99439,99.61993,97.70291,99.06809,98.73003,99.423
United States,USA,"Adjusted net enrollment rate, primary (% of primary school age children)",SE.PRM.TENR,98.04872,98.00209,..,96.04444,95.66241,97.04087,96.46288,..,..,97.51389,97.61687,97.31152,96.00326,95.53523,94.43625,95.27433,96.2529,97.17228,97.48575,96.0313,94.79582
Uruguay,URY,"Adjusted net enrollment rate, primary (% of primary school age children)",SE.PRM.TENR,..,91.99737,93.95812,94.65515,93.03424,92.54289,92.04508,92.19426,..,..,..,..,..,..,..,97.56379,99.94348,98.09442,99.25559,99.44534,99.8424
Uzbekistan,UZB,"Adjusted net enrollment rate, primary (% of primary school age children)",SE.PRM.TENR,..,..,..,..,..,..,..,..,..,..,..,..,..,..,..,..,..,97.05512,95.07101,94.10865,91.83364
Vanuatu,VUT,"Adjusted net enrollment rate, primary (% of primary school age children)",SE.PRM.TENR,..,..,..,..,..,..,..,..,98.05453,97.64269,99.31876,99.58606,99.22567,99.66856,97.63527,99.1523,..,..,..,..,..
"Venezuela, RB",VEN,"Adjusted net enrollment rate, primary (% of primary school age children)",SE.PRM.TENR,..,..,..,..,..,..,..,..,..,84.97769,87.47833,90.14119,93.11799,91.80907,92.10759,90.97378,91.76186,92.86582,91.04079,93.03709,93.86456
Vietnam,VNM,"Adjusted net enrollment rate, primary (% of primary school age children)",SE.PRM.TENR,..,..,..,..,..,..,..,..,99.12977,98.34924,97.36072,96.06739,93.06302,..,..,90.22434,91.87772,..,97.27408,98.50757,98.13881
Virgin Islands (U.S.),VIR,"Adjusted net enrollment rate, primary (% of primary school age children)",SE.PRM.TENR,..,..,..,..,..,..,..,..,..,..,..,..,..,..,..,..,..,..,..,..,..
West Bank and Gaza,PSE,"Adjusted net enrollment rate, primary (% of primary school age children)",SE.PRM.TENR,..,..,..,..,..,..,..,..,..,90.33585,90.90005,89.05925,88.8767,88.04957,86.06591,83.63549,84.1771,83.93057,85.95874,87.72971,89.01687
"Yemen, Rep.",YEM,"Adjusted net enrollment rate, primary (% of primary school age children)",SE.PRM.TENR,..,..,..,..,..,..,..,..,..,56.25204,..,64.65851,..,70.74723,73.69167,75.84232,..,..,76.20842,..,81.34286
Zambia,ZMB,"Adjusted net enrollment rate, primary (% of primary school age children)",SE.PRM.TENR,..,..,..,..,72.11664,69.9674,..,..,66.27461,64.92219,64.95171,64.91775,68.11153,..,81.24465,89.74339,88.33753,91.15767,91.959,89.1116,86.51267
Zimbabwe,ZWE,"Adjusted net enrollment rate, primary (% of primary school age children)",SE.PRM.TENR,..,..,..,..,..,..,..,..,81.38004,83.60543,84.52951,86.70562,83.57579,82.61407,..,..,..,..,..,..,..
,,,,,,,,,,,,,,,,,,,,,,,,
,,,,,,,,,,,,,,,,,,,,,,,,
,,,,,,,,,,,,,,,,,,,,,,,,
Data from database: World Development Indicators,,,,,,,,,,,,,,,,,,,,,,,,
Last Updated: 04/27/2017,,,,,,,,,,,,,,,,,,,,,,,,
